"taxa","xm","sd"
"Daphnia Adult",0.269234288656474,0.228475622703712
"Hyperacanthomysis longirostris Adult",3.49415457946879,3.18155677027796
"Limnoithona tetraspina Adult",5.33573928092402,3.74770013100817
"Pseudodiaptomus forbesi Adult",0.671303793714755,1.13967004938115
