"taxa","xm","sd"
"Daphnia Adult",0.269126644382977,0.228136228533599
"Hyperacanthomysis longirostris Adult",3.49935282706982,3.18342342628087
"Limnoithona tetraspina Adult",5.31938102907621,3.74946811397069
"Pseudodiaptomus forbesi Adult",0.668437529137137,1.13895316209048
